Title|PageLink|Date|Section|Author
Objetivo: buscar el gluten para proteger a los celíacos |https://retina.elpais.com/retina/2019/04/02/innovacion/1554205772_620856.html|2019-04-04T07:45:06+02:00|Santiago Blázquez|Santiago Blázquez
“Los investigadores son muy buenos en lo suyo, hay que dejarles hacer y poner un CEO” |https://retina.elpais.com/retina/2019/03/06/innovacion/1551877077_100801.html|2019-03-12T08:01:58+01:00|Esther Paniagua|Esther Paniagua
Realidad virtual para celebrar tus reuniones |https://retina.elpais.com/retina/2019/03/11/innovacion/1552292830_741319.html|2019-03-12T13:41:28+01:00|El País Retina|El País Retina
Un conserje para tu ruptura: desde la mudanza hasta el terapeuta |https://retina.elpais.com/retina/2019/02/28/innovacion/1551350602_742245.html|2019-03-01T11:01:17+01:00|El País Retina|El País Retina
Visitamos Lanzadera, la fábrica de empresarios innovadores del dueño de Mercadona |https://retina.elpais.com/retina/2019/02/18/innovacion/1550490272_715618.html|2019-02-22T07:55:10+01:00|Tomás López Morales|Tomás López Morales
El emprendedor tecnológico que ha conseguido su tercer récord mundial rodeado de tiburones |https://retina.elpais.com/retina/2019/02/07/talento/1549536786_300310.html|2019-02-10T01:25:56+01:00|Javier Cortés|Javier Cortés
“Si el conocimiento no se convierte en dinero no habrá dinero que financie el conocimiento” |https://retina.elpais.com/retina/2019/02/05/talento/1549370775_470090.html|2019-02-06T07:52:56+01:00|Tomás López Morales|Tomás López Morales
Escala: la mentalidad del emprendedor digital |https://retina.elpais.com/retina/2019/02/04/talento/1549276517_387559.html|2019-02-05T14:12:16+01:00|Alberto González Pascual|Alberto González Pascual
¿Cómo me aseguro de que mi invento no existe ya en China? |https://retina.elpais.com/retina/2019/01/31/innovacion/1548933633_368427.html|2019-02-04T06:07:27+01:00|José Ángel Plaza López|José Ángel Plaza López
Una app para que las empresas controlen el horario de sus empleados |https://retina.elpais.com/retina/2019/01/30/innovacion/1548835749_835044.html|2019-01-30T09:19:30+01:00|El País Retina|El País Retina
Trim (o cómo encontrarle más utilidades a la basura) |https://retina.elpais.com/retina/2019/01/29/innovacion/1548763830_867987.html|2019-01-30T07:58:45+01:00|Jaime Susanna|Jaime Susanna
La inteligencia artificial española busca al rey Midas (y no lo encuentra) |https://retina.elpais.com/retina/2019/01/23/tendencias/1548238602_920879.html|2019-01-26T05:16:38+01:00|Montse Hidalgo Pérez|Montse Hidalgo Pérez
¿Pueden las ‘startups’ trabajar para un solo cliente? |https://retina.elpais.com/retina/2018/12/28/tendencias/1545992150_029619.html|2019-01-03T07:31:43+01:00|Javier Cortés|Javier Cortés
“Es muy difícil que a un espacio de ‘coworking’ pequeño le salgan los números” |https://retina.elpais.com/retina/2018/12/28/tendencias/1545990020_884469.html|2019-01-02T07:45:16+01:00|Javier Cortés|Javier Cortés
La ‘startup’ que surgió de las profundidades de internet |https://retina.elpais.com/retina/2018/12/28/innovacion/1545983110_830476.html|2018-12-31T07:52:35+01:00|El País Retina|El País Retina
“La salud digital está adquiriendo vicios de inversiones locas a lo Elon Musk” |https://retina.elpais.com/retina/2018/12/17/talento/1545039803_364930.html|2018-12-18T11:40:45+01:00|Esther Paniagua|Esther Paniagua
Una red para hacer escalar proyectos de emprendimiento |https://retina.elpais.com/retina/2018/12/12/talento/1544609771_161715.html|2018-12-15T12:04:55+01:00|José Ángel Plaza López|José Ángel Plaza López
El diseño del futuro quiere nacer en Carabanchel |https://retina.elpais.com/retina/2018/12/05/innovacion/1544019623_197363.html|2018-12-14T06:12:27+01:00|Jorge G. García|Jorge G. García
La creatividad de Bogotá renace en las cenizas de su rincón más atroz |https://retina.elpais.com/retina/2018/12/05/innovacion/1544014857_095094.html|2018-12-13T06:12:19+01:00|Montse Hidalgo Pérez & María Isabel Magaña|Montse Hidalgo Pérez & María Isabel Magaña
Ya puedes ver tu serie preferida mientras te sacan una muela |https://retina.elpais.com/retina/2018/12/10/innovacion/1544442424_269686.html|2018-12-11T06:15:11+01:00|El País Retina|El País Retina
De crear su primera ‘startup’ a los 14 a asesorar emprendedores a los 25 |https://retina.elpais.com/retina/2018/12/05/talento/1544004481_807027.html|2018-12-08T18:52:13+01:00|José Ángel Plaza López|José Ángel Plaza López
La empresa que hace juguetes reutilizando tus envases |https://retina.elpais.com/retina/2018/12/05/innovacion/1544004285_807882.html|2018-12-07T22:32:28+01:00|Jaime Susanna|Jaime Susanna
Pauli: “Si sabes cambiar una bombilla, puedes tener internet a través de la luz” |https://retina.elpais.com/retina/2018/12/04/innovacion/1543938217_121034.html|2018-12-06T08:33:51+01:00|Jorge G. García|Jorge G. García
Audio Hora 25/ Cómo decide una startup si se fía de un inversor |https://retina.elpais.com/retina/2018/11/23/tendencias/1542974487_305461.html|2018-11-26T07:02:45+01:00|No autor|No autor
Los hermanos Orts: los reyes del Conga |https://retina.elpais.com/retina/2018/11/22/innovacion/1542886015_925324.html|2018-11-23T05:23:05+01:00|Rebeca Gimeno|Rebeca Gimeno
Bienvenidos a Pangyo, el Silicon Valley coreano |https://retina.elpais.com/retina/2018/11/20/innovacion/1542716788_304346.html|2018-11-22T06:15:18+01:00|Jorge G. García|Jorge G. García
Un prototipo para hacer prototipos de objetos inteligentes |https://retina.elpais.com/retina/2018/11/19/innovacion/1542619208_505537.html|2018-11-20T06:21:37+01:00|Javier Cortés & Olivia L. Bueno (vídeo)|Javier Cortés & Olivia L. Bueno (vídeo)
La periodista que creó una pizarra transportable para que escribiesen los demás |https://retina.elpais.com/retina/2018/11/12/innovacion/1542024684_507751.html|2018-11-15T06:22:29+01:00|El País Retina|El País Retina
“España castiga el fracaso, pero lo grave es que también castiga el éxito” |https://retina.elpais.com/retina/2018/11/05/tendencias/1541435608_331548.html|2018-11-08T10:28:10+01:00|Javier Cortés|Javier Cortés
Job Today apuesta por dar transparencia a tu primer empleo |https://retina.elpais.com/retina/2018/10/24/tendencias/1540393146_016513.html|2018-10-31T06:08:12+01:00|Javier Cortés|Javier Cortés
Gobiernos y emprendedores: una relación compleja, intensa y con mucho futuro |https://retina.elpais.com/retina/2018/10/24/tendencias/1540390850_360163.html|2018-10-25T05:29:46+02:00|Idoia Ortiz|Idoia Ortiz
Miguel Vicente: “La tecnología nos lleva a una sociedad más meritocrática” |https://retina.elpais.com/retina/2018/10/15/talento/1539606198_232775.html|2018-10-17T23:33:55+02:00|Tomás López Morales|Tomás López Morales
Objetivo: conectar a 10 millones de españoles con su médico |https://retina.elpais.com/retina/2018/10/09/innovacion/1539091095_233073.html|2018-10-10T06:04:10+02:00|El País Retina|El País Retina
La base legal, pilar imprescindible para una ‘startup’ |https://retina.elpais.com/retina/2017/07/12/innovacion/1499839118_466228.html|2017-07-12T08:49:22+02:00|El País Retina|El País Retina
El modelo de negocio, uno de los pilares de un proyecto empresarial |https://retina.elpais.com/retina/2017/07/11/innovacion/1499751896_164387.html|2017-07-11T08:23:19+02:00|El País Retina|El País Retina
La ‘app’ española para situar en el mapa a tus amigos |https://retina.elpais.com/retina/2017/07/06/innovacion/1499349457_690951.html|2017-07-10T13:10:36+02:00|El País Retina|El País Retina
Toni Segarra pone en marcha el proyecto Ideas Camp |https://retina.elpais.com/retina/2017/07/09/innovacion/1499590182_006903.html|2017-07-09T11:18:05+02:00|El País Retina|El País Retina
Las cuatro claves para ‘startups’ novatas |https://retina.elpais.com/retina/2017/07/07/talento/1499423498_784409.html|2017-07-08T12:57:05+02:00|Javier Cortés|Javier Cortés
Los datos que te ayudan a elegir el mejor barrio para tu empresa |https://retina.elpais.com/retina/2017/06/30/innovacion/1498816482_152397.html|2017-07-07T16:32:09+02:00|Javier Cortés|Javier Cortés
¿Y si pudieras emprender sin correr riesgos? |https://retina.elpais.com/retina/2017/07/03/innovacion/1499097742_222044.html|2017-07-04T10:10:22+02:00|El País Retina|El País Retina
Soy emprendedor, ¿cómo puedo conseguir salir en los medios? |https://retina.elpais.com/retina/2017/06/29/innovacion/1498767969_890238.html|2017-06-30T10:09:30+02:00|El País Retina|El País Retina
Lo que nadie te cuenta cuando te decides a montar una empresa |https://retina.elpais.com/retina/2017/06/23/innovacion/1498238088_872078.html|2017-06-26T18:43:03+02:00|Manuel G. Pascual & Olivia L.Bueno (vídeo)|Manuel G. Pascual & Olivia L.Bueno (vídeo)
Waves: manual de cultura empresarial en la era digital |https://retina.elpais.com/retina/2017/06/23/tendencias/1498230343_465179.html|2017-06-24T09:26:20+02:00|Jorge G. García|Jorge G. García
Periodistas y emprendedores se dan cita en Alcobendas |https://retina.elpais.com/retina/2017/06/22/tendencias/1498126168_417167.html|2017-06-22T12:47:12+02:00|El País Retina|El País Retina
Bienvenidos a ‘Silicon Bali’, el hub tecnológico del sudeste asiático |https://retina.elpais.com/retina/2017/06/16/innovacion/1497614298_625059.html|2017-06-20T07:33:44+02:00|Ana Sepúlveda & Esther Molina|Ana Sepúlveda & Esther Molina
Así logran fondos las ‘startups’ en Silicon Valley |https://retina.elpais.com/retina/2017/06/15/innovacion/1497536701_778108.html|2017-06-17T10:35:53+02:00|Rosa Jiménez Cano|Rosa Jiménez Cano
Estas son las empresas que ponen a España en la ‘pole’ de la realidad virtual |https://retina.elpais.com/retina/2017/06/09/tendencias/1497009176_330538.html|2017-06-13T12:28:01+02:00|Miguel Ángel Corcobado|Miguel Ángel Corcobado
Bruselas: España crea ‘startups’, pero no sabe sacarles rendimiento |https://retina.elpais.com/retina/2017/06/07/innovacion/1496827847_765479.html|2017-06-08T07:39:59+02:00|Ángel Luis Sucasas Fernández|Ángel Luis Sucasas Fernández
La lenta llegada de las startups ecológicas |https://retina.elpais.com/retina/2017/05/24/innovacion/1495647060_289226.html|2017-05-26T07:21:37+02:00|Ana Sepúlveda|Ana Sepúlveda
Ismail: “A la banca de consumo le doy diez años de vida” |https://retina.elpais.com/retina/2017/05/23/tendencias/1495563402_077337.html|2017-05-26T18:04:31+02:00|Manuel G. Pascual|Manuel G. Pascual
El despertar de las ‘startups’ biotecnológicas |https://retina.elpais.com/retina/2017/05/22/innovacion/1495468278_615172.html|2017-05-24T17:43:44+02:00|Jorge G. García|Jorge G. García
La tecnología que les gusta a las ‘startups’ (y espanta al resto) |https://retina.elpais.com/retina/2017/05/09/tendencias/1494356009_156926.html|2017-05-09T21:30:04+02:00|Javier Cortés|Javier Cortés
Emprendedores: vuestra primera idea es mala casi con total seguridad |https://retina.elpais.com/retina/2017/05/05/innovacion/1494005807_206886.html|2017-05-08T15:12:47+02:00|Manuel G. Pascual|Manuel G. Pascual
‘Millennials’, la generación emprendedora |https://retina.elpais.com/retina/2017/04/13/talento/1492076858_336234.html|2017-04-17T10:05:19+02:00|Guillermo de Haro|Guillermo de Haro
Empresas, profesionales y particulares en la economía colaborativa |https://retina.elpais.com/retina/2017/04/12/innovacion/1492013193_130130.html|2017-04-17T13:44:26+02:00|Jacques Bulchand Gidumal y Santiago Melián González |Jacques Bulchand Gidumal y Santiago Melián González 
Los rasgos de la personalidad que hacen triunfar a los emprendedores |https://retina.elpais.com/retina/2017/04/11/talento/1491903431_092648.html|2017-04-12T12:43:37+02:00|M. Victoria S. Nadal & Olivia L. Bueno (vídeo)|M. Victoria S. Nadal & Olivia L. Bueno (vídeo)
Errores que debes evitar cuando haces ‘networking’ |https://retina.elpais.com/retina/2017/04/10/talento/1491826010_756003.html|2017-04-12T10:17:36+02:00|M. Victoria S. Nadal & Olivia López Bueno|M. Victoria S. Nadal & Olivia López Bueno
Futuro sombrío, volverse digital y automatizaciones distópicas |https://retina.elpais.com/retina/2017/04/07/tendencias/1491545830_172279.html|2017-04-07T17:07:58+02:00|Guillermo Vega|Guillermo Vega
Los ‘millennials’ también creen en Dios |https://retina.elpais.com/retina/2017/04/06/talento/1491470225_044014.html|2017-04-06T11:52:36+02:00|José María Álvarez Monzoncillo|José María Álvarez Monzoncillo
Economía colaborativa, ¿escaparate o precarización? |https://retina.elpais.com/retina/2017/03/29/innovacion/1490786936_925206.html|2017-04-06T16:30:45+02:00|Manuel G. Pascual |Manuel G. Pascual 
Hola. Bienvenidos a EL PAÍS RETINA |https://retina.elpais.com/retina/2017/03/31/tendencias/1490994792_061110.html|2017-04-02T20:32:15+02:00|El País Retina|El País Retina
¿Cuándo deja tu empresa de ser una startup? |https://retina.elpais.com/retina/2017/03/30/innovacion/1490881086_867074.html|2017-04-03T09:53:11+02:00|No autor|No autor
La gran fábrica de ‘startups’ de Latinoamérica |https://retina.elpais.com/retina/2016/06/09/tendencias/1465465715_146546.html|2016-06-09T11:48:35+02:00|Beatriz Orgaz|Beatriz Orgaz
Diez ‘startups’ prometedoras que deberías conocer |https://retina.elpais.com/retina/2017/12/01/innovacion/1512134442_032271.html|2017-12-04T07:33:42+01:00|Esther Paniagua|Esther Paniagua
Adeyemi Ajao: el fabricante de éxitos |https://retina.elpais.com/retina/2017/11/23/tendencias/1511425119_639335.html|2017-12-02T09:44:01+01:00|Rosa Jiménez Cano|Rosa Jiménez Cano
La nueva forma de trabajo que declara la guerra a la multitarea |https://retina.elpais.com/retina/2017/11/29/talento/1511977093_051308.html|2017-12-02T08:48:28+01:00|Jorge G. García|Jorge G. García
Printsome, Consultia Travel, GoCardless y Aiwin ganan los premios Comprendedor B2B 2017 |https://retina.elpais.com/retina/2017/11/24/innovacion/1511527780_984181.html|2017-11-24T16:28:59+01:00|El País Retina|El País Retina
Los premios #StartMeApp, en busca del talento tecnológico español |https://retina.elpais.com/retina/2017/11/20/innovacion/1511177430_806263.html|2017-11-20T12:39:26+01:00|El País Retina|El País Retina
Ingrid Vanderveldt: “Las mujeres exitosas crean más éxito a su alrededor” |https://retina.elpais.com/retina/2017/11/10/innovacion/1510313422_914617.html|2017-11-14T07:42:50+01:00|Esther Paniagua|Esther Paniagua
Cómo conquistar a los jóvenes a través del vídeo social |https://retina.elpais.com/retina/2017/11/10/innovacion/1510321161_474711.html|2017-11-13T07:44:00+01:00|Alba Moraleda|Alba Moraleda
Ryan Bethencourt: “Silicon Valley es un mito” |https://retina.elpais.com/retina/2017/11/06/innovacion/1509959477_828926.html|2017-11-11T10:49:49+01:00|Montse Hidalgo Pérez|Montse Hidalgo Pérez
Paul Bragiel: “Los inversores españoles no son suficientemente ambiciosos” |https://retina.elpais.com/retina/2017/11/03/innovacion/1509710972_985024.html|2017-11-10T07:35:59+01:00|Ana Sepúlveda & Esther Molina|Ana Sepúlveda & Esther Molina
Cómo lograr financiación pública para tu proyecto |https://retina.elpais.com/retina/2017/10/23/innovacion/1508746771_684913.html|2017-10-24T07:45:55+02:00|Montse Hidalgo Pérez & Olivia López Bueno|Montse Hidalgo Pérez & Olivia López Bueno
El objetivo: escapar de la ‘carrera de la rata’ |https://retina.elpais.com/retina/2017/10/18/talento/1508333907_731161.html|2017-10-19T07:33:24+02:00|Esther Molina|Esther Molina
CoverWallet, 18,5 millones de dólares para seguir creciendo |https://retina.elpais.com/retina/2017/10/12/tendencias/1507793966_233192.html|2017-10-12T18:25:56+02:00|Rosa Jiménez Cano|Rosa Jiménez Cano
Rebeca Minguela: “Hablamos de cuarta revolución industrial y algunos no han salido de la primera” |https://retina.elpais.com/retina/2017/10/05/innovacion/1507199986_913033.html|2017-10-06T10:27:44+02:00|Montse Hidalgo Pérez|Montse Hidalgo Pérez
Interfaces y asistentes, en la apertura del South Summit |https://retina.elpais.com/retina/2017/10/04/innovacion/1507108823_979488.html|2017-10-04T15:34:11+02:00|El País Retina |El País Retina 
Cinco consejos para lograr que tu ‘startup’ interese a un inversor |https://retina.elpais.com/retina/2017/10/03/tendencias/1507031336_435036.html|2017-10-04T08:01:13+02:00|José Luis Sancho|José Luis Sancho
Por qué deberías temer a las ‘startups’ chinas |https://retina.elpais.com/retina/2017/09/28/tendencias/1506597962_133826.html|2017-10-01T08:21:57+02:00|Javier Cortés|Javier Cortés
Las ‘startups’ cuentan los días hasta el arranque de South Summit 2017 |https://retina.elpais.com/retina/2017/09/27/innovacion/1506527209_322917.html|2017-09-28T07:52:46+02:00|El País Retina|El País Retina
Unleash, la reunión de los jóvenes influyentes |https://retina.elpais.com/retina/2017/09/19/innovacion/1505818739_895364.html|2017-09-20T12:55:30+02:00|Sara Rivas Moreno|Sara Rivas Moreno
Firmar documentos en papel tiene los días contados |https://retina.elpais.com/retina/2017/09/13/innovacion/1505322071_594994.html|2017-09-14T10:18:29+02:00|El País Retina|El País Retina
El arte de buscar el precio justo de las cosas |https://retina.elpais.com/retina/2017/08/30/innovacion/1504083698_625757.html|2017-08-31T12:57:41+02:00|El País Retina|El País Retina
Un ‘crowdfunding’ para pagar la carrera |https://retina.elpais.com/retina/2017/08/02/innovacion/1501665472_391211.html|2017-08-17T09:43:34+02:00|El País Retina|El País Retina
Qué tipo de ‘crowdfunding’ le conviene a mi proyecto |https://retina.elpais.com/retina/2017/08/01/tendencias/1501599053_021034.html|2017-08-02T08:36:05+02:00|Marta Antúnez|Marta Antúnez
¿Para cuándo la Spanish Tech? |https://retina.elpais.com/retina/2017/07/28/tendencias/1501237378_640520.html|2017-07-31T07:46:20+02:00|Jaime Rodríguez|Jaime Rodríguez
Errores que debes evitar para no liarla con tu ‘pitch’ |https://retina.elpais.com/retina/2017/07/20/innovacion/1500561342_925257.html|2017-07-26T16:36:13+02:00|M. Victoria S. Nadal & Olivia L. B (vídeo)|M. Victoria S. Nadal & Olivia L. B (vídeo)
Transformación digital significa profesionalizar la empresa |https://retina.elpais.com/retina/2017/07/24/innovacion/1500889594_823401.html|2017-07-24T17:24:12+02:00|Manuel Monterrubio|Manuel Monterrubio
Las ‘startups’ españolas afincadas en Londres temen el efecto ‘brexit’ |https://retina.elpais.com/retina/2017/07/18/innovacion/1500376282_025387.html|2017-07-20T08:50:59+02:00|Ana Sepúlveda & Olivia L. Bueno (vídeo)|Ana Sepúlveda & Olivia L. Bueno (vídeo)
Las ideas, el principal activo de un proyecto empresarial |https://retina.elpais.com/retina/2017/07/16/innovacion/1500200011_540649.html|2017-07-17T10:08:20+02:00|El País Retina|El País Retina
Si tu ‘startup’ gana un premio a la innovación estás dentro del circuito |https://retina.elpais.com/retina/2017/07/10/innovacion/1499700264_719579.html|2017-07-14T10:58:01+02:00|Esther Molina|Esther Molina
Ideas Camp: lo que no se mide no se puede controlar |https://retina.elpais.com/retina/2017/07/14/innovacion/1500019235_731867.html|2017-07-16T12:09:11+02:00|El País Retina|El País Retina
Hablar en público: la oportunidad para brillar |https://retina.elpais.com/retina/2017/07/13/innovacion/1499930574_141012.html|2017-07-14T18:27:38+02:00|El País Retina|El País Retina
La ‘startup’ que convierte las bicis en ‘smart bikes’ |https://retina.elpais.com/retina/2018/03/14/innovacion/1521029093_478580.html|2018-03-15T13:38:23+01:00|Jaime Porras Ferreyra|Jaime Porras Ferreyra
Las mujeres luchan por su hueco en las ‘startups’ |https://retina.elpais.com/retina/2018/03/09/tendencias/1520587469_083164.html|2018-03-09T11:06:00+01:00|Jorge G. García |Jorge G. García 
“No seamos espectadoras: tenemos que ser actrices de esta historia” |https://retina.elpais.com/retina/2018/03/07/tendencias/1520423408_852425.html|2018-03-09T06:33:41+01:00|El País Retina |El País Retina 
La última aventura del expresidente de Hawkers |https://retina.elpais.com/retina/2018/02/28/innovacion/1519815275_523400.html|2018-03-04T22:17:35+01:00|Javier Cortés|Javier Cortés
¿Y si consultar el genoma fuera tan fácil como echar mano del móvil? |https://retina.elpais.com/retina/2018/03/02/innovacion/1520009684_965171.html|2018-03-03T01:41:21+01:00|Manuel G. Pascual & Olivia L. Bueno (vídeo)|Manuel G. Pascual & Olivia L. Bueno (vídeo)
Los mejores espacios de coworking de Madrid |https://retina.elpais.com/retina/2018/02/21/innovacion/1519206738_245067.html|2018-02-22T14:28:19+01:00|El País Retina|El País Retina
Las startups a seguir según Carina Szpilka |https://retina.elpais.com/retina/2018/02/15/innovacion/1518707337_546273.html|2018-02-19T12:20:26+01:00|Rebeca Gimeno|Rebeca Gimeno
Encuesta: ¿Conoces Estartapeando? |https://retina.elpais.com/retina/2018/02/15/tendencias/1518701053_937303.html|2018-02-21T14:04:00+01:00|El País Retina|El País Retina
“Hay más financiación que nunca para startups tecnológicas” |https://retina.elpais.com/retina/2018/02/15/innovacion/1518699564_490220.html|2018-02-19T06:14:29+01:00|Rebeca Gimeno|Rebeca Gimeno
Francesca Bria: Transparencia |https://retina.elpais.com/retina/2018/02/15/tendencias/1518688740_149838.html|2018-02-16T16:06:20+01:00|Manuel González Pascual|Manuel González Pascual
Así es emprender desde cero y sin apoyo financiero |https://retina.elpais.com/retina/2018/02/14/innovacion/1518623049_418155.html|2018-03-16T06:13:50+01:00|Rafael Tamames|Rafael Tamames
Cultivando intraemprendedores |https://retina.elpais.com/retina/2018/02/02/talento/1517564861_176971.html|2018-02-05T07:12:39+01:00|David del Val|David del Val
El gran altavoz de la innovación |https://retina.elpais.com/retina/2018/02/02/innovacion/1517564947_174209.html|2018-02-05T07:08:31+01:00|No autor|No autor
Laura González-Estéfani: “Ya no hace falta estar en Silicon Valley para hacer un gran producto” |https://retina.elpais.com/retina/2018/02/01/innovacion/1517484256_968175.html|2018-02-02T06:16:54+01:00|Rosa Jiménez Cano|Rosa Jiménez Cano
¿Rendimos más cuando trabajamos en un entorno natural? |https://retina.elpais.com/retina/2018/01/29/talento/1517240540_744985.html|2018-01-31T10:35:11+01:00|M. Victoria S. Nadal|M. Victoria S. Nadal
Huawei y El País Retina premian una app de recetas |https://retina.elpais.com/retina/2018/01/26/innovacion/1516952828_765722.html|2018-01-26T09:19:22+01:00|El País Retina|El País Retina
El MIT apuesta por la innovación en Madrid |https://retina.elpais.com/retina/2018/01/16/innovacion/1516135821_099147.html|2018-01-18T11:11:21+01:00|Javier Cortés|Javier Cortés
El ultraindividualismo de Silicon Valley tiene su filósofa rusa de cabecera |https://retina.elpais.com/retina/2018/01/16/tendencias/1516104254_793936.html|2018-01-17T06:11:16+01:00|Tomás López Morales |Tomás López Morales 
Chequeos a un euro... y a distancia |https://retina.elpais.com/retina/2018/01/09/innovacion/1515512737_185174.html|2018-01-11T08:56:43+01:00|Esther Paniagua|Esther Paniagua
‘Startups’ para exprimir el sueño chino |https://retina.elpais.com/retina/2017/12/28/innovacion/1514459085_217436.html|2018-01-03T06:47:46+01:00|Zigor Aldama|Zigor Aldama
Inés Larrea: “Con la analítica digital sabemos qué artículos generan más interés y los llevamos a los ‘showrooms” |https://retina.elpais.com/retina/2018/01/02/tendencias/1514897274_420372.html|2018-01-02T13:52:00+01:00|Mariano Ahijado|Mariano Ahijado
Pedro Castillo: “Queremos democratizar el análisis de datos” |https://retina.elpais.com/retina/2017/11/23/tendencias/1511443842_721528.html|2018-01-02T13:30:50+01:00|Hugo Gutiérrez|Hugo Gutiérrez
Miguel Vicente: “Para emprender hay que estar un poco loco” |https://retina.elpais.com/retina/2017/11/23/tendencias/1511432401_900010.html|2018-01-02T12:53:31+01:00|Rebeca Gimeno|Rebeca Gimeno
‘Meaningful innovation’: la innovación al servicio de las personas |https://retina.elpais.com/retina/2017/12/28/tendencias/1514459120_057127.html|2017-12-31T10:54:52+01:00|Carlos Barrabés|Carlos Barrabés
El cerebro español de la inversión ‘fintech’ en Rakuten |https://retina.elpais.com/retina/2017/12/28/innovacion/1514467374_098379.html|2017-12-30T11:32:47+01:00|Tomás López Morales|Tomás López Morales
Tras Cabify, Seaya Ventures busca más unicornios que hablen español |https://retina.elpais.com/retina/2017/12/19/innovacion/1513692348_055977.html|2017-12-21T07:37:06+01:00|Tomás López Morales|Tomás López Morales
¿Y si pudiéramos ordenar el alud de datos que generan los hospitales? |https://retina.elpais.com/retina/2017/12/07/innovacion/1512647622_548507.html|2018-01-15T07:04:54+01:00|El País Retina|El País Retina
El floreciente ecosistema emprendedor español, en cifras |https://retina.elpais.com/retina/2017/12/05/innovacion/1512471825_034678.html|2017-12-07T13:34:03+01:00|Guillermo Vega|Guillermo Vega
El Vaticano lanza su propia aceleradora de ‘startups’ |https://retina.elpais.com/retina/2017/12/06/innovacion/1512565044_205846.html|2017-12-07T11:05:56+01:00|Denise Zani|Denise Zani
El español que enseñaba robótica a los chinos |https://retina.elpais.com/retina/2017/11/29/innovacion/1511977970_432667.html|2017-12-04T07:32:17+01:00|Zigor Aldama|Zigor Aldama
Enviar flores recién cortadas del campo está al alcance de un clic |https://retina.elpais.com/retina/2018/06/07/innovacion/1528368603_210079.html|2018-06-07T22:24:32+02:00|El País Retina|El País Retina
Silvia Leal, una mente visionaria |https://retina.elpais.com/retina/2018/05/30/tendencias/1527694617_360013.html|2018-06-05T06:13:53+02:00|Hugo Gutiérrez|Hugo Gutiérrez
Una ‘app’ para no perder la cabeza contratando tus seguros |https://retina.elpais.com/retina/2018/05/30/innovacion/1527692375_024600.html|2018-05-31T22:04:52+02:00|El País Retina|El País Retina
Un club de vinos que se contrata como Netflix (y es más barato) |https://retina.elpais.com/retina/2018/05/28/innovacion/1527501882_785040.html|2018-05-29T06:24:50+02:00|El País Retina|El País Retina
Derbaix: “Muchos emprendedores invertimos creyéndonos los reyes del mambo y fallamos un montón” |https://retina.elpais.com/retina/2018/05/21/talento/1526913541_585230.html|2018-05-27T01:10:30+02:00|Javier Cortés|Javier Cortés
Las siete ‘startups’ disruptivas que se dieron cita en #Techpreneurs |https://retina.elpais.com/retina/2018/05/24/innovacion/1527179947_160774.html|2018-05-25T06:25:19+02:00|Javier Cortés|Javier Cortés
Manual para ‘startups’: requisitos para enamorar a una gran empresa |https://retina.elpais.com/retina/2018/05/24/innovacion/1527197191_121590.html|2018-05-26T02:08:42+02:00|Javier Cortés|Javier Cortés
Así te hemos contado el evento que ha unido a ‘startups’ y grandes empresas |https://retina.elpais.com/retina/2018/05/22/innovacion/1526981392_423738.html|2018-05-24T18:39:32+02:00|El País Retina|El País Retina
Qué puede aprender un emprendedor del cantante de Iron Maiden |https://retina.elpais.com/retina/2018/05/16/talento/1526466409_470861.html|2018-05-17T12:20:57+02:00|Manuel G. Pascual|Manuel G. Pascual
Una ‘app’ para aprobar el carnet de conducir jugando en tu tiempo libre |https://retina.elpais.com/retina/2018/05/09/innovacion/1525876789_280569.html|2018-05-10T06:16:08+02:00|El País Retina |El País Retina 
François Derbaix |https://retina.elpais.com/retina/2018/04/30/eventos/1525105409_461708.html|2018-05-07T17:44:14+02:00|No autor|No autor
Amrit Dhir |https://retina.elpais.com/retina/2018/05/04/eventos/1525444081_564002.html|2018-05-04T16:29:05+02:00|No autor|No autor
Sofía Benjumea |https://retina.elpais.com/retina/2018/05/03/eventos/1525341464_607355.html|2018-05-04T16:19:46+02:00|No autor|No autor
Elena Gil |https://retina.elpais.com/retina/2018/04/30/eventos/1525105549_830805.html|2018-05-04T13:50:03+02:00|No autor|No autor
Así funciona la ‘red de ángeles’ para financiar tu ‘startup’ |https://retina.elpais.com/retina/2018/04/25/tendencias/1524647008_453243.html|2018-05-04T06:41:44+02:00|Javier Cortés|Javier Cortés
Blanca Drake |https://retina.elpais.com/retina/2018/04/30/eventos/1525090632_055400.html|2018-05-03T15:33:16+02:00|No autor|No autor
Paulo Rodrigues |https://retina.elpais.com/retina/2018/05/03/eventos/1525340313_735345.html|2018-05-17T18:27:40+02:00|No autor|No autor
Gala Gil Amat |https://retina.elpais.com/retina/2018/04/30/eventos/1525090196_863044.html|2018-05-04T11:58:22+02:00|No autor|No autor
Jorge Schnura |https://retina.elpais.com/retina/2018/04/30/eventos/1525100130_492799.html|2018-05-03T15:29:29+02:00|No autor|No autor
Ana Jiménez |https://retina.elpais.com/retina/2018/04/30/eventos/1525089652_999695.html|2018-05-03T15:28:25+02:00|No autor|No autor
Luis Martín Cabiedes |https://retina.elpais.com/retina/2018/04/30/eventos/1525100547_501342.html|2018-12-10T16:58:26+01:00|No autor|No autor
Laura González- Estefáni |https://retina.elpais.com/retina/2018/04/30/eventos/1525088348_087554.html|2018-05-03T15:21:48+02:00|No autor|No autor
Las fotos de tus vacaciones pueden darte un dinero extra |https://retina.elpais.com/retina/2018/04/23/innovacion/1524486479_779211.html|2018-04-25T14:12:06+02:00|El País Retina|El País Retina
Kiki, la ‘app’ española en la que pagas a cambio de citas |https://retina.elpais.com/retina/2018/04/13/innovacion/1523633477_080109.html|2018-04-17T06:10:26+02:00|El País Retina|El País Retina
Los mejores espacios de coworking de Sevilla |https://retina.elpais.com/retina/2018/04/09/innovacion/1523285826_261447.html|2018-04-16T06:22:06+02:00|El País Retina|El País Retina
Ser curioso te hace más deseable para las empresas |https://retina.elpais.com/retina/2018/04/04/talento/1522841426_731954.html|2018-04-07T10:45:37+02:00|M. Victoria S. Nadal|M. Victoria S. Nadal
Valeet, una ‘startup’ ‘made in Spain’ que está triunfando en Estados Unidos |https://retina.elpais.com/retina/2018/03/26/innovacion/1522050292_796891.html|2018-03-26T09:51:22+02:00|No autor|No autor
Fernando Zallo: “Nos estamos maleducando al pensar que todo el mundo tiene que ser emprendedor” |https://retina.elpais.com/retina/2018/03/20/tendencias/1521565606_645576.html|2018-03-26T09:25:07+02:00|Javier Cortés|Javier Cortés
Los mejores espacios de coworking de Valencia |https://retina.elpais.com/retina/2018/03/15/innovacion/1521133571_867793.html|2018-03-24T00:14:27+01:00|El País Retina|El País Retina
Universo ‘startups’: ¿saturados de aceleradoras? |https://retina.elpais.com/retina/2018/03/22/innovacion/1521675299_533819.html|2018-03-22T12:20:11+01:00|Esther Paniagua|Esther Paniagua
La ‘startup’ Amadix, ganadora del South Summit 2018 |https://retina.elpais.com/retina/2018/10/04/innovacion/1538671080_504366.html|2018-10-07T00:16:33+02:00|El País Retina|El País Retina
Cuando Google le pone un traspié a los profesores |https://retina.elpais.com/retina/2018/10/03/innovacion/1538585206_849098.html|2018-10-05T05:47:12+02:00|Jorge G. García|Jorge G. García
Las gallinas de los huevos de oro piden clemencia al Gobierno |https://retina.elpais.com/retina/2018/10/03/tendencias/1538557164_043828.html|2018-10-04T06:19:56+02:00|El País Retina|El País Retina
María Benjumea: la reina del sur |https://retina.elpais.com/retina/2018/09/28/innovacion/1538132030_459495.html|2018-10-01T06:05:34+02:00|Jaime Susanna|Jaime Susanna
La innovación tecnológica en Israel se olvida de las minorías |https://retina.elpais.com/retina/2018/09/28/innovacion/1538133450_296044.html|2018-10-01T06:06:15+02:00|Javier Cortés|Javier Cortés
Wayra se hace mayor al abrigo de Telefónica |https://retina.elpais.com/retina/2018/09/26/innovacion/1537962304_572478.html|2018-09-28T07:59:45+02:00|Jorge G. García & Olivia L. Bueno (vídeo)|Jorge G. García & Olivia L. Bueno (vídeo)
Carta de Adeyemi Ajao a Pedro Duque: “Elijamos futuro” |https://retina.elpais.com/retina/2018/09/27/innovacion/1538029772_438659.html|2018-09-27T11:35:17+02:00|Adeyemi Ajao |Adeyemi Ajao 
Ángel Cano: “Los gigantes de internet pueden dar un susto a la banca” |https://retina.elpais.com/retina/2018/09/13/innovacion/1536831488_403476.html|2018-09-14T06:09:25+02:00|Rebeca Gimeno|Rebeca Gimeno
‘Startups’ y centros de investigación para reinventar la gastronomía |https://retina.elpais.com/retina/2018/09/11/innovacion/1536667978_767643.html|2018-09-12T06:02:08+02:00|Miguel Ángel Palomo|Miguel Ángel Palomo
Palestina, los territorios ocupados capaces de crear ‘startups’ |https://retina.elpais.com/retina/2018/09/07/innovacion/1536319263_688449.html|2018-09-10T09:08:09+02:00|Javier Cortés|Javier Cortés
Organizar eventos o crear aceleradoras no hace a tu empresa más innovadora |https://retina.elpais.com/retina/2018/08/28/innovacion/1535457411_818913.html|2018-08-31T07:38:58+02:00|M. Victoria S. Nadal|M. Victoria S. Nadal
Gala Gil: 23 años, una empresa y una vida de película |https://retina.elpais.com/retina/2018/08/16/talento/1534405160_367251.html|2018-08-26T02:16:11+02:00|Eva Blanco Medina|Eva Blanco Medina
Ocho series tecnológicas que no puedes perderte |https://retina.elpais.com/retina/2018/08/24/album/1535104817_764035.html|2018-08-27T09:39:31+02:00|El País Retina|El País Retina
“En España se busca favorecer a quienes siempre han tenido el control” |https://retina.elpais.com/retina/2018/08/09/talento/1533799841_771132.html|2018-08-15T23:18:18+02:00|Javier Cortés|Javier Cortés
Gracias y desgracias de un emprendedor del siglo XVIII |https://retina.elpais.com/retina/2018/07/16/innovacion/1531732309_015108.html|2018-07-30T06:50:27+02:00|Montse Hidalgo Pérez & Olivia L.Bueno (vídeo)|Montse Hidalgo Pérez & Olivia L.Bueno (vídeo)
‘Startups’ tejidas entre tapices |https://retina.elpais.com/retina/2018/07/19/innovacion/1532000523_733482.html|2018-07-23T06:18:13+02:00|Jorge G. García|Jorge G. García
Estas son las ‘startups’ que sueñan con cambiar Europa |https://retina.elpais.com/retina/2018/07/19/innovacion/1531994360_399930.html|2018-07-22T09:28:00+02:00|Ángel Luis Sucasas|Ángel Luis Sucasas
Medicsen, un tratamiento para la diabetes, con una app y sin agujas |https://retina.elpais.com/retina/2018/07/20/innovacion/1532077043_427636.html|2018-07-21T10:02:26+02:00|Ángel Luis Sucasas|Ángel Luis Sucasas
Las cinco claves del evento ‘Techpreneurs’ sobre innovación abierta |https://retina.elpais.com/retina/2018/07/12/innovacion/1531389010_961500.html|2018-07-17T07:43:27+02:00|M. Victoria S. Nadal|M. Victoria S. Nadal
La ‘startup’ que vela por la calidad del agua en el mundo |https://retina.elpais.com/retina/2018/07/04/innovacion/1530694318_660382.html|2018-07-11T16:50:32+02:00|Guillermo Vega|Guillermo Vega
La ‘app’ para que por una vez te fíes de tus amigos |https://retina.elpais.com/retina/2018/07/10/innovacion/1531205453_363794.html|2018-07-26T06:20:55+02:00|El País Retina|El País Retina
La tecnología como aliada de los profesores |https://retina.elpais.com/retina/2018/07/04/innovacion/1530692629_462444.html|2018-07-09T16:52:33+02:00|Guillermo Vega|Guillermo Vega
Esta ‘startup’ de Badajoz permite que elijas tus asientos en los aviones con realidad virtual |https://retina.elpais.com/retina/2018/07/05/innovacion/1530773410_330368.html|2018-07-05T17:03:50+02:00|Tomás López Morales|Tomás López Morales
El joven prodigio de la tecnología se toma un descanso a los 18 años |https://retina.elpais.com/retina/2018/06/27/innovacion/1530099166_553108.html|2018-06-30T00:13:32+02:00|Sara Picazo|Sara Picazo
La empresa que propone hacer un mundo mejor |https://retina.elpais.com/retina/2018/06/26/innovacion/1529996747_200082.html|2018-06-27T06:26:35+02:00|Guillermo Vega & Olivia López Bueno (Vídeo)|Guillermo Vega & Olivia López Bueno (Vídeo)
Analítica para convertirte en la mejor tienda del reino |https://retina.elpais.com/retina/2018/06/22/innovacion/1529657422_206990.html|2018-06-25T07:53:08+02:00|El País Retina |El País Retina 
El jardín vertical para urbanitas que se controla desde el móvil |https://retina.elpais.com/retina/2018/06/20/innovacion/1529503522_577837.html|2018-06-21T23:39:13+02:00|El País Retina|El País Retina
El despertar de la conciencia ecológica en China, el país más contaminante |https://retina.elpais.com/retina/2018/06/15/innovacion/1529061964_727211.html|2018-06-18T11:47:47+02:00|Zigor Aldama|Zigor Aldama
Un Wordpress para crear aplicaciones para el móvil |https://retina.elpais.com/retina/2018/06/01/innovacion/1527863414_250528.html|2018-06-12T17:53:22+02:00|El País Retina|El País Retina
Colombia desmonta tópicos sobre el papel de las personas en la innovación |https://retina.elpais.com/retina/2018/06/08/innovacion/1528477121_327838.html|2018-06-11T06:08:54+02:00|Javier Cortés|Javier Cortés
